Threadname, Real, User, Sys
Main, 1.000154, 0.816000, 0.000000
Thread0, 0.817181, 0.816000, 0.000000
