Threadname, Real, User, Sys
Main, 10.526899, 14.172000, 18.496000
Thread0, 10.382764, 3.580000, 4.644000
Thread1, 10.497721, 3.548000, 4.556000
Thread2, 10.526822, 3.504000, 4.636000
Thread3, 10.410481, 3.548000, 4.644000
