Threadname, Real, User, Sys
Main, 0.815820, 2.368000, 0.000000
Thread0, 0.815633, 0.808000, 0.000000
Thread1, 0.752660, 0.748000, 0.000000
Thread2, 0.809335, 0.804000, 0.000000
