Threadname, Real, User, Sys
Main, 2.000211, 1.984000, 0.000000
Thread0, 1.018513, 1.012000, 0.000000
Thread1, 0.973895, 0.968000, 0.000000
