Threadname, Real, User, Sys
Main, 15.991955, 6.568000, 9.424000
Thread0, 15.991751, 6.568000, 9.420000
