Threadname, Real, User, Sys
Main, 14.369053, 13.180000, 15.468000
Thread0, 14.331337, 6.720000, 7.580000
Thread1, 14.368958, 6.460000, 7.884000
