Threadname, Real, User, Sys
Main, 0.978375, 1.876000, 0.000000
Thread0, 0.978229, 0.972000, 0.000000
Thread1, 0.905823, 0.900000, 0.000000
