Threadname, Real, User, Sys
Main, 11.765727, 14.312000, 17.900000
Thread0, 11.377733, 4.624000, 6.104000
Thread1, 11.765634, 4.820000, 5.932000
Thread2, 11.665564, 4.872000, 5.856000
