Threadname, Real, User, Sys
Main, 1.000138, 2.560000, 0.000000
Thread0, 0.689430, 0.688000, 0.000000
Thread1, 0.606041, 0.604000, 0.000000
Thread2, 0.628410, 0.624000, 0.000000
Thread3, 0.651112, 0.640000, 0.000000
