Threadname, Real, User, Sys
Main, 0.772375, 0.768000, 0.000000
Thread0, 0.772152, 0.768000, 0.000000
