Threadname, Real, User, Sys
Main, 2.733646, 1.075065, 1.658367
Thread0, 2.733289, 1.073891, 1.658801
