Threadname, Real, User, Sys
Main, 2.621390, 1.870770, 2.923167
Thread0, 2.621130, 1.015543, 1.604529
Thread1, 2.172768, 0.854581, 1.317579
